Workbook

Sheet Vlook up
A1: EmployeeID | B1: Name | C1: Department | D1: Location | E1: Salary | F1: JoiningYear | G1: Bonus amount
A2: E101 | B2: Rahul Sharma | C2: Sales | D2: Mumbai | E2: 45000 | F2: 2019 | G2: =E2*L5 -> 4500
A3: E102 | B3: Ananya Gupta | C3: HR | D3: Delhi | E3: 52000 | F3: 2018 | G3: =E3*M5 -> 4160
A4: E103 | B4: Rohit Verma | C4: IT | D4: Bangalore | E4: 65000 | F4: 2020 | G4: =E4*N5 -> 7800 | K4: Department | L4: Sales | M4: HR | N4: IT | O4: Finance | P4: Marketing
A5: E104 | B5: Neha Singh | C5: Finance | D5: Pune | E5: 58000 | F5: 2017 | G5: =E5*O5 -> 8700 | K5: Bonus % | L5: 0.1 | M5: 0.08 | N5: 0.12 | O5: 0.15 | P5: 0.09
A6: E105 | B6: Aman Kumar | C6: Marketing | D6: Mumbai | E6: 48000 | F6: 2021 | G6: =E6*P5 -> 4320
A7: E106 | B7: Pooja Mehta | C7: IT | D7: Chennai | E7: 62000 | F7: 2019 | G7: =E7*N5 -> 7440 | L7: Find the Name of employee using EmployeeID from Search_Input.
A8: E107 | B8: Suresh Rao | C8: Sales | D8: Hyderabad | E8: 47000 | F8: 2020 | G8: =E8*L5 -> 4700 | L8: EmployeeID | M8: Name
A9: E108 | B9: Kavita Iyer | C9: HR | D9: Bangalore | E9: 54000 | F9: 2016 | G9: =E9*M5 -> 4320 | L9: E104 | M9: =VLOOKUP(L9,A1:F9,2,0) -> Neha Singh
L11: Find the department of employee with id E103
L12: EmployeeID | M12: Department
L13: E103 | M13: =VLOOKUP(L13,A1:F9,3,0) -> IT
L15: Find the salary of employee neha singh using v look up
L17: Name | M17: Salary
L18: Neha Singh | M18: =VLOOKUP(L18,B2:F9,4,0) -> 58000
L21: Get the location of employee of E107
L22: EmployeeID | M22: Location
L23: E107 | M23: =VLOOKUP(L23,A1:F9,4,0) -> Hyderabad
L25: if employee id is not found , display "not found")
L26: Employee id | M26: salary
L27: E109 | M27: =IFERROR(VLOOKUP(L27,A1:F9,5,FALSE),"not found") -> not found
L29: find the joining year of employee E101
L31: Employee id | M31: joining year
L32: E101 | M32: =VLOOKUP(L32,A1:F9,6,0) -> 2019

Sheet Hlook up 
A1: EmployeeID | B1: Name | C1: Department | D1: Location | E1: Salary | F1: JoiningYear
A2: E101 | B2: Rahul Sharma | C2: Sales | D2: Mumbai | E2: 45000 | F2: 2019 | H2: Department | I2: Sales | J2: HR | K2: IT | L2: Finance | M2: Marketing
A3: E102 | B3: Ananya Gupta | C3: HR | D3: Delhi | E3: 52000 | F3: 2018 | H3: Bonus % | I3: 0.1 | J3: 0.08 | K3: 0.12 | L3: 0.15 | M3: 0.09
A4: E103 | B4: Rohit Verma | C4: IT | D4: Bangalore | E4: 65000 | F4: 2020
A5: E104 | B5: Neha Singh | C5: Finance | D5: Pune | E5: 58000 | F5: 2017
A6: E105 | B6: Aman Kumar | C6: Marketing | D6: Mumbai | E6: 48000 | F6: 2021 | J6: Q- Findd the bonus % For IT Department
A7: E106 | B7: Pooja Mehta | C7: IT | D7: Chennai | E7: 62000 | F7: 2019 | J7: Department | K7: Bonus
A8: E107 | B8: Suresh Rao | C8: Sales | D8: Hyderabad | E8: 47000 | F8: 2020 | J8: IT | K8: =HLOOKUP(J8,'Vlook up'!K4:P5,2,0) -> 0.12
A9: E108 | B9: Kavita Iyer | C9: HR | D9: Bangalore | E9: 54000 | F9: 2016
J10: Find the bonus % For Finance Department
J12: Department | K12: Bonus
J13: Finance | K13: =HLOOKUP(J13,'Vlook up'!K4:P5,2,0) -> 0.15
J15: employee id | K15: department | L15: Bonus Amount
J16: E104 | K16: =VLOOKUP(J16,'Vlook up'!A1:G9,3,0) -> Finance | L16: =VLOOKUP(J16,'Vlook up'!A1:G9,5,0)*HLOOKUP(K16,'Vlook up'!K4:P5,2,0) -> 8700
J18: Q- if department is invalid " no bonus data "
J20: department | K20: BONUS AMOUNT
J21: CE | K21: =IFERROR(HLOOKUP(J21,'Vlook up'!K4:P5,2,FALSE),"no bonus data") -> no bonus data

Sheet Xlook up 
A1: EmployeeID | B1: Name | C1: Department | D1: Location | E1: Salary | F1: JoiningYear
A2: E101 | B2: Rahul Sharma | C2: Sales | D2: Mumbai | E2: 45000 | F2: 2019 | H2: Department | I2: Sales | J2: HR | K2: IT | L2: Finance | M2: Marketing
A3: E102 | B3: Ananya Gupta | C3: HR | D3: Delhi | E3: 52000 | F3: 2018 | H3: Bonus % | I3: 0.1 | J3: 0.08 | K3: 0.12 | L3: 0.15 | M3: 0.09
A4: E103 | B4: Rohit Verma | C4: IT | D4: Bangalore | E4: 65000 | F4: 2020
A5: E104 | B5: Neha Singh | C5: Finance | D5: Pune | E5: 58000 | F5: 2017
A6: E105 | B6: Aman Kumar | C6: Marketing | D6: Mumbai | E6: 48000 | F6: 2021 | I6: xlook up
A7: E106 | B7: Pooja Mehta | C7: IT | D7: Chennai | E7: 62000 | F7: 2019
A8: E107 | B8: Suresh Rao | C8: Sales | D8: Hyderabad | E8: 47000 | F8: 2020 | I8: Employee | J8: salary
A9: E108 | B9: Kavita Iyer | C9: HR | D9: Bangalore | E9: 54000 | F9: 2016 | I9: E104 | J9: =_xlfn.XLOOKUP(I9,'Vlook up'!A1:A9,'Vlook up'!E1:E9) -> 58000
I11: find department using employee name
I13: employee name | J13: department
I14: Rohit Verma | J14: =_xlfn.XLOOKUP(I14,'Vlook up'!B1:B9,'Vlook up'!C1:C9) -> IT
I17: Fetch Location of employee rohit verma
I18: employee name | J18: Location
I19: Rohit Verma | J19: =_xlfn.XLOOKUP(I19,B1:B9,D1:D9) -> Bangalore
I22: employee id | J22: Location
I23: E999 | J23: =_xlfn.XLOOKUP(I23,A1:A9,E1:E9,"Employee Not Found") -> Employee Not Found
I26: department | J26: Bonus Amount
I27: Sales | J27: =_xlfn.XLOOKUP(I27,H2:M2,H3:M3) -> 0.1
